AIRPORT_CODE,AIRPORT,STATE,LATITUDE,LONGITUDE
ABE,Lehigh Valley International Airport,PA,40.65236,-75.4404
ABI,Abilene Regional Airport,TX,32.41132,-99.6819
ABQ,Albuquerque International Sunport,NM,35.04022,-106.60919
ABR,Aberdeen Regional Airport,SD,45.44906,-98.42183
ABY,Southwest Georgia Regional Airport,GA,31.53552,-84.19447
ACK,Nantucket Memorial Airport,MA,41.25305,-70.06018
ACT,Waco Regional Airport,TX,31.61129,-97.23052
ACV,Arcata Airport,CA,40.97812,-124.10862
ACY,Atlantic City International Airport,NJ,39.45758,-74.57717
ADK,Adak Airport,AK,51.87796,-176.64603
ADQ,Kodiak Airport,AK,57.74997,-152.49386
AEX,Alexandria International Airport,LA,31.32737,-92.54856
AGS,Augusta Regional Airport (Bush Field),GA,33.36996,-81.9645
AKN,King Salmon Airport,AK,58.6768,-156.64922
ALB,Albany International Airport,NY,42.74812,-73.80298
ALO,Waterloo Regional Airport,IA,42.55708,-92.40034
AMA,Rick Husband Amarillo International Airport,TX,35.21937,-101.70593
ANC,Ted Stevens Anchorage International Airport,AK,61.17432,-149.99619
APN,Alpena County Regional Airport,MI,45.07807,-83.56029
ASE,Aspen-Pitkin County Airport,CO,39.22316,-106.86885
ATL,Hartsfield-Jackson Atlanta International Airport,GA,33.64044,-84.42694
ATW,Appleton International Airport,WI,44.25741,-88.51948
AUS,Austin-Bergstrom International Airport,TX,30.19453,-97.66987
AVL,Asheville Regional Airport,NC,35.43619,-82.54181
AVP,Wilkes-Barre/Scranton International Airport,PA,41.33815,-75.72427
AZO,Kalamazoo/Battle Creek International Airport,MI,42.23488,-85.55206
BDL,Bradley International Airport,CT,41.93887,-72.68323
BET,Bethel Airport,AK,60.77978,-161.838
BFL,Meadows Field,CA,35.4336,-119.05677
BGM,Greater Binghamton Airport,NY,42.20848,-75.97961
BGR,Bangor International Airport,ME,44.80744,-68.82814
BHM,Birmingham-Shuttlesworth International Airport,AL,33.56294,-86.75355
BIL,Billings Logan International Airport,MT,45.80766,-108.54286
BIS,Bismarck Municipal Airport,ND,46.77411,-100.74672
BJI,Bemidji Regional Airport,MN,47.50942,-94.93372
BLI,Bellingham International Airport,WA,48.79275,-122.53753
BMI,Central Illinois Regional Airport at Bloomington-Normal,IL,40.47799,-88.91595
BNA,Nashville International Airport,TN,36.12448,-86.67818
BOI,Boise Airport (Boise Air Terminal),ID,43.56444,-116.22278
BOS,Gen. Edward Lawrence Logan International Airport,MA,42.36435,-71.00518
BPT,Jack Brooks Regional Airport (Southeast Texas Regional),TX,29.95083,-94.02069
BQK,Brunswick Golden Isles Airport,GA,31.25903,-81.46631
BQN,Rafael Hernández Airport,PR,18.49486,-67.12944
BRD,Brainerd Lakes Regional Airport,MN,46.39786,-94.13723
BRO,Brownsville/South Padre Island International Airport,TX,25.90683,-97.42586
BRW,Wiley Post-Will Rogers Memorial Airport,AK,71.28545,-156.766
BTM,Bert Mooney Airport,MT,45.9548,-112.49746
BTR,Baton Rouge Metropolitan Airport,LA,30.53316,-91.14963
BTV,Burlington International Airport,VT,44.473,-73.15031
BUF,Buffalo Niagara International Airport,NY,42.94052,-78.73217
BUR,Bob Hope Airport (Hollywood Burbank Airport),CA,34.20062,-118.3585
BWI,Baltimore-Washington International Airport,MD,39.1754,-76.6682
BZN,Bozeman Yellowstone International Airport (Gallatin Field Airport),MT,45.7769,-111.15301
CAE,Columbia Metropolitan Airport,SC,33.93884,-81.11954
CAK,Akron-Canton Regional Airport,OH,40.91631,-81.44247
CDC,Cedar City Regional Airport,UT,37.70097,-113.09858
CDV,Merle K. (Mudhole) Smith Airport,AK,60.49183,-145.47765
CEC,Del Norte County Airport (Jack McNamara Field),CA,41.78016,-124.23653
CHA,Chattanooga Metropolitan Airport (Lovell Field),TN,35.03527,-85.20379
CHO,Charlottesville-Albemarle Airport,VA,38.13864,-78.45286
CHS,Charleston International Airport/Charleston AFB,SC,32.89865,-80.04051
CID,The Eastern Iowa Airport,IA,41.88459,-91.71087
CIU,Chippewa County International Airport,MI,46.25075,-84.47239
CLD,McClellan-Palomar Airport,CA,33.12723,-117.27873
CLE,Cleveland Hopkins International Airport,OH,41.41089,-81.8494
CLL,Easterwood Airport,TX,30.58859,-96.36382
CLT,Charlotte Douglas International Airport,NC,35.21401,-80.94313
CMH,Port Columbus International Airport,OH,39.99799,-82.89188
CMI,University of Illinois - Willard Airport,IL,40.03925,-88.27806
CMX,Houghton County Memorial Airport,MI,47.16842,-88.48906
CNY,Canyonlands Field,UT,38.75496,-109.75484
COD,Yellowstone Regional Airport,WY,44.52019,-109.0238
COS,City of Colorado Springs Municipal Airport,CO,38.80581,-104.70025
COU,Columbia Regional Airport,MO,38.81809,-92.21963
CPR,Natrona County International Airport,WY,42.90836,-106.46447
CRP,Corpus Christi International Airport,TX,27.77036,-97.50122
CRW,Yeager Airport,WV,38.37315,-81.59319
CSG,Columbus Metropolitan Airport,GA,32.51633,-84.93886
CVG,Cincinnati/Northern Kentucky International Airport,KY,39.04614,-84.66217
CWA,Central Wisconsin Airport,WI,44.77762,-89.66678
DAB,Daytona Beach International Airport,FL,29.17992,-81.05806
DAL,Dallas Love Field,TX,32.84711,-96.85177
DAY,James M. Cox Dayton International Airport,OH,39.90238,-84.21938
DBQ,Dubuque Regional Airport,IA,42.40296,-90.70917
DCA,Ronald Reagan Washington National Airport,VA,38.85208,-77.03772
DEN,Denver International Airport,CO,39.85841,-104.667
DFW,Dallas/Fort Worth International Airport,TX,32.89595,-97.0372
DHN,Dothan Regional Airport,AL,31.32134,-85.44963
DIK,Dickinson Theodore Roosevelt Regional Airport,ND,46.79739,-102.80195
DLG,Dillingham Airport,AK,59.04541,-158.50334
DLH,Duluth International Airport,MN,46.84209,-92.19365
DRO,Durango-La Plata County Airport,CO,37.15152,-107.75377
DSM,Des Moines International Airport,IA,41.53493,-93.66068
DTW,Detroit Metropolitan Airport,MI,42.21206,-83.34884
DVL,Devils Lake Regional Airport,ND,48.11425,-98.90878
EAU,Chippewa Valley Regional Airport,WI,44.86526,-91.48507
ECP,Northwest Florida Beaches International Airport,FL,,
EGE,Eagle County Regional Airport,CO,39.64257,-106.9177
EKO,Elko Regional Airport,NV,40.82493,-115.7917
ELM,Elmira/Corning Regional Airport,NY,42.15991,-76.89144
ELP,El Paso International Airport,TX,31.80667,-106.37781
ERI,Erie International Airport,PA,42.08202,-80.17622
ESC,Delta County Airport,MI,45.72267,-87.09373
EUG,Eugene Airport (Mahlon Sweet Field),OR,44.12326,-123.21869
EVV,Evansville Regional Airport,IN,38.03799,-87.53063
EWN,Coastal Carolina Regional Airport (Craven County Regional),NC,35.07297,-77.04294
EWR,Newark Liberty International Airport,NJ,40.6925,-74.16866
EYW,Key West International Airport,FL,24.55611,-81.75956
FAI,Fairbanks International Airport,AK,64.81368,-147.85967
FAR,Hector International Airport,ND,46.91935,-96.81499
FAT,Fresno Yosemite International Airport,CA,36.77619,-119.71814
FAY,Fayetteville Regional Airport,NC,34.99147,-78.88
FCA,Glacier Park International Airport,MT,48.3114,-114.25507
FLG,Flagstaff Pulliam Airport,AZ,35.13845,-111.67122
FLL,Fort Lauderdale-Hollywood International Airport,FL,26.07258,-80.15275
FNT,Bishop International Airport,MI,42.9655,-83.74346
FSD,Sioux Falls Regional Airport,SD,43.58135,-96.7417
FSM,Fort Smith Regional Airport,AR,35.33659,-94.36744
FWA,Fort Wayne International Airport,IN,40.97847,-85.19515
GCC,Gillette-Campbell County Airport,WY,44.3489,-105.53936
GCK,Garden City Regional Airport,KS,37.92752,-100.72441
GEG,Spokane International Airport,WA,47.61986,-117.53384
GFK,Grand Forks International Airport,ND,47.94926,-97.17611
GGG,East Texas Regional Airport,TX,32.38486,-94.71171
GJT,Grand Junction Regional Airport (Walker Field),CO,39.12241,-108.52673
GNV,Gainesville Regional Airport,FL,29.69006,-82.27178
GPT,Gulfport-Biloxi International Airport,MS,30.40728,-89.07009
GRB,Green Bay-Austin Straubel International Airport,WI,44.48507,-88.12959
GRI,Central Nebraska Regional Airport,NE,40.96747,-98.30861
GRK,Killeen-Fort Hood Regional Airport,TX,31.0649,-97.8278
GRR,Gerald R. Ford International Airport,MI,42.88082,-85.52277
GSO,Piedmont Triad International Airport,NC,36.09775,-79.9373
GSP,Greenville-Spartanburg International Airport,SC,34.89567,-82.21886
GST,Gustavus Airport,AK,58.42438,-135.70738
GTF,Great Falls International Airport,MT,47.482,-111.37069
GTR,Golden Triangle Regional Airport,MS,33.45033,-88.59137
GUC,Gunnison-Crested Butte Regional Airport,CO,38.53396,-106.93318
GUM,Guam International Airport,GU,13.48345,-144.79598
HDN,Yampa Valley Airport (Yampa Valley Regional),CO,40.48118,-107.21766
HIB,Range Regional Airport (Chisholm-Hibbing Airport),MN,47.3866,-92.83899
HLN,Helena Regional Airport,MT,46.60682,-111.98275
HNL,Honolulu International Airport,HI,21.31869,-157.92241
HOB,Lea County Regional Airport,NM,32.68753,-103.21703
HOU,William P. Hobby Airport,TX,29.64542,-95.27889
HPN,Westchester County Airport,NY,41.06696,-73.70757
HRL,Valley International Airport,TX,26.22851,-97.65439
HSV,Huntsville International Airport,AL,34.64045,-86.77311
HYA,Barnstable Municipal Airport,MA,41.66934,-70.28036
HYS,Hays Regional Airport,KS,38.84494,-99.27403
IAD,Washington Dulles International Airport,VA,38.94453,-77.45581
IAG,Niagara Falls International Airport,NY,43.10726,-78.94538
IAH,George Bush Intercontinental Airport,TX,29.98047,-95.33972
ICT,Wichita Dwight D. Eisenhower National Airport (Wichita Mid-Continent Airport),KS,37.64996,-97.43305
IDA,Idaho Falls Regional Airport,ID,43.51456,-112.07017
ILG,Wilmington Airport,DE,39.67872,-75.60653
ILM,Wilmington International Airport,NC,34.27061,-77.90256
IMT,Ford Airport,MI,45.81835,-88.11454
IND,Indianapolis International Airport,IN,39.71733,-86.29438
INL,Falls International Airport,MN,48.56619,-93.40307
ISN,Sloulin Field International Airport,ND,48.17794,-103.64235
ISP,Long Island MacArthur Airport,NY,40.79524,-73.10021
ITH,Ithaca Tompkins Regional Airport,NY,42.49103,-76.45844
ITO,Hilo International Airport,HI,19.72026,-155.04847
JAC,Jackson Hole Airport,WY,43.60732,-110.73774
JAN,Jackson-Evers International Airport,MS,32.31117,-90.07589
JAX,Jacksonville International Airport,FL,30.49406,-81.68786
JFK,John F. Kennedy International Airport (New York International Airport),NY,40.63975,-73.77893
JLN,Joplin Regional Airport,MO,37.15181,-94.49827
JMS,Jamestown Regional Airport,ND,46.92972,-98.6782
JNU,Juneau International Airport,AK,58.35496,-134.57628
KOA,Kona International Airport at Keahole,HI,19.73877,-156.04563
KTN,Ketchikan International Airport,AK,55.35557,-131.71374
LAN,Capital Region International Airport ( Lansing Capital City),MI,42.7787,-84.58736
LAR,Laramie Regional Airport,WY,41.31205,-105.67499
LAS,McCarran International Airport,NV,36.08036,-115.15233
LAW,Lawton-Fort Sill Regional Airport,OK,34.56771,-98.41664
LAX,Los Angeles International Airport,CA,33.94254,-118.40807
LBB,Lubbock Preston Smith International Airport,TX,33.66364,-101.82278
LBE,Arnold Palmer Regional Airport,PA,40.27594,-79.4048
LCH,Lake Charles Regional Airport,LA,30.1261,-93.2234
LEX,Blue Grass Airport,KY,38.03697,-84.60539
LFT,Lafayette Regional Airport,LA,30.20528,-91.98766
LGA,LaGuardia Airport (Marine Air Terminal),NY,40.77724,-73.87261
LGB,Long Beach Airport (Daugherty Field),CA,33.81772,-118.15161
LIH,Lihue Airport,HI,21.97598,-159.33896
LIT,Bill and Hillary Clinton National Airport (Adams Field),AR,34.7294,-92.22425
LNK,Lincoln Airport (Lincoln Municipal),NE,40.85097,-96.75925
LRD,Laredo International Airport,TX,27.54374,-99.46154
LSE,La Crosse Regional Airport,WI,43.87938,-91.25654
LWS,Lewiston-Nez Perce County Airport,ID,46.3745,-117.01539
MAF,Midland International Airport,TX,31.94253,-102.20191
MBS,MBS International Airport,MI,43.53291,-84.07965
MCI,Kansas City International Airport,MO,39.29761,-94.71391
MCO,Orlando International Airport,FL,28.42889,-81.31603
MDT,Harrisburg International Airport,PA,40.1935,-76.7634
MDW,Chicago Midway International Airport,IL,41.78598,-87.75242
MEI,Meridian Regional Airport,MS,32.33313,-88.75121
MEM,Memphis International Airport,TN,35.04242,-89.97667
MFE,McAllen-Miller International Airport (McAllen Miller International),TX,26.17583,-98.23861
MFR,Rogue Valley International Airport,OR,42.37423,-122.8735
MGM,Montgomery Regional Airport,AL,32.30064,-86.39398
MHK,Manhattan Regional Airport,KS,39.14097,-96.67083
MHT,Manchester-Boston Regional Airport,NH,42.93452,-71.43706
MIA,Miami International Airport,FL,25.79325,-80.29056
MKE,General Mitchell International Airport,WI,42.94722,-87.89658
MKG,Muskegon County Airport,MI,43.16949,-86.23822
MLB,Melbourne International Airport,FL,28.10275,-80.64581
MLI,Quad City International Airport,IL,41.44853,-90.50754
MLU,Monroe Regional Airport,LA,32.51087,-92.03769
MMH,Mammoth Yosemite Airport,CA,37.62405,-118.83777
MOB,Mobile Regional Airport,AL,30.69142,-88.24283
MOT,Minot International Airport,ND,48.25938,-101.28033
MQT,Sawyer International Airport,MI,46.35364,-87.39536
MRY,Monterey Regional Airport (Monterey Peninsula Airport),CA,36.58698,-121.84295
MSN,Dane County Regional Airport,WI,43.13986,-89.33751
MSO,Missoula International Airport,MT,46.91631,-114.09056
MSP,Minneapolis-Saint Paul International Airport,MN,44.88055,-93.21692
MSY,Louis Armstrong New Orleans International Airport,LA,29.99339,-90.25803
MTJ,Montrose Regional Airport,CO,38.50887,-107.89383
MVY,Martha's Vineyard Airport,MA,41.39303,-70.61433
MYR,Myrtle Beach International Airport,SC,33.67975,-78.92833
OAJ,Albert J. Ellis Airport,NC,34.82916,-77.61214
OAK,Oakland International Airport,CA,37.72129,-122.22072
OGG,Kahului Airport,HI,20.89865,-156.43046
OKC,Will Rogers World Airport,OK,35.39309,-97.60073
OMA,Eppley Airfield,NE,41.30252,-95.89417
OME,Nome Airport,AK,64.5122,-165.44525
ONT,Ontario International Airport,CA,34.056,-117.60119
ORD,Chicago O'Hare International Airport,IL,41.9796,-87.90446
ORF,Norfolk International Airport,VA,36.89461,-76.20122
ORH,Worcester Regional Airport,MA,42.26734,-71.87571
OTH,Southwest Oregon Regional Airport (North Bend Municipal),OR,43.41714,-124.24603
OTZ,Ralph Wien Memorial Airport,AK,66.88468,-162.59855
PAH,Barkley Regional Airport,KY,37.06083,-88.77375
PBG,Plattsburgh International Airport,NY,,
PBI,Palm Beach International Airport,FL,26.68316,-80.09559
PDX,Portland International Airport,OR,45.58872,-122.5975
PHF,Newport News/Williamsburg International Airport,VA,37.1319,-76.49299
PHL,Philadelphia International Airport,PA,39.87195,-75.24114
PHX,Phoenix Sky Harbor International Airport,AZ,33.43417,-112.00806
PIA,General Wayne A. Downing Peoria International Airport,IL,40.66424,-89.69331
PIB,Hattiesburg-Laurel Regional Airport,MS,31.46715,-89.33706
PIH,Pocatello Regional Airport,ID,42.91131,-112.59586
PIT,Pittsburgh International Airport,PA,40.49147,-80.23287
PLN,Pellston Regional Airport of Emmet County,MI,45.57093,-84.79672
PNS,Pensacola International Airport (Pensacola Gulf Coast Regional Airport),FL,30.47331,-87.18744
PPG,Pago Pago International Airport (Tafuna Airport),AS,14.33102,-170.71053
PSC,Tri-Cities Airport,WA,46.26468,-119.11903
PSE,Mercedita Airport,PR,18.0083,-66.56301
PSG,Petersburg James A. Johnson Airport,AK,56.80165,-132.94528
PSP,Palm Springs International Airport,CA,33.82922,-116.50625
PUB,Pueblo Memorial Airport,CO,38.28909,-104.49657
PVD,Theodore Francis Green State Airport,RI,41.724,-71.42822
PWM,Portland International Jetport,ME,43.64617,-70.30875
RAP,Rapid City Regional Airport,SD,44.04532,-103.05737
RDD,Redding Municipal Airport,CA,40.50898,-122.2934
RDM,Redmond Municipal Airport (Roberts Field),OR,44.25407,-121.14996
RDU,Raleigh-Durham International Airport,NC,35.87764,-78.78747
RHI,Rhinelander-Oneida County Airport,WI,45.63119,-89.46745
RIC,Richmond International Airport,VA,37.50517,-77.31967
RKS,Rock Springs-Sweetwater County Airport,WY,41.59422,-109.06519
RNO,Reno/Tahoe International Airport,NV,39.49858,-119.76806
ROA,Roanoke Regional Airport (Woodrum Field),VA,37.32547,-79.97543
ROC,Greater Rochester International Airport,NY,43.11887,-77.67238
ROW,Roswell International Air Center,NM,33.30156,-104.53056
RST,Rochester International Airport,MN,43.90883,-92.49799
RSW,Southwest Florida International Airport,FL,26.53617,-81.75517
SAF,Santa Fe Municipal Airport,NM,35.61678,-106.08814
SAN,San Diego International Airport (Lindbergh Field),CA,32.73356,-117.18966
SAT,San Antonio International Airport,TX,29.53369,-98.46978
SAV,Savannah/Hilton Head International Airport,GA,32.12758,-81.20214
SBA,Santa Barbara Municipal Airport (Santa Barbara Airport),CA,34.42621,-119.84037
SBN,South Bend International Airport (South Bend Regional),IN,41.70895,-86.31847
SBP,San Luis Obispo County Regional Airport (McChesney Field),CA,35.23706,-120.64239
SCC,Deadhorse Airport (Prudhoe Bay Airport),AK,70.19476,-148.46516
SCE,University Park Airport,PA,40.85121,-77.8463
SDF,Louisville International Airport (Standiford Field),KY,38.17439,-85.736
SEA,Seattle-Tacoma International Airport,WA,47.44898,-122.30931
SFO,San Francisco International Airport,CA,37.619,-122.37484
SGF,Springfield-Branson National Airport,MO,37.24433,-93.38686
SGU,St. George Regional Airport,UT,37.09058,-113.59306
SHV,Shreveport Regional Airport,LA,32.44663,-93.8256
SIT,Sitka Rocky Gutierrez Airport,AK,57.04714,-135.3616
SJC,Norman Y. Mineta San José International Airport,CA,37.36186,-121.92901
SJT,San Angelo Regional Airport (Mathis Field),TX,31.35775,-100.49631
SJU,Luis Muñoz Marín International Airport,PR,18.43942,-66.00183
SLC,Salt Lake City International Airport,UT,40.78839,-111.97777
SMF,Sacramento International Airport,CA,38.69542,-121.59077
SMX,Santa Maria Public Airport (Capt G. Allan Hancock Field),CA,34.89925,-120.45758
SNA,John Wayne Airport (Orange County Airport),CA,33.67566,-117.86822
SPI,Abraham Lincoln Capital Airport,IL,39.84395,-89.67762
SPS,Wichita Falls Municipal Airport/Sheppard AFB,TX,33.9888,-98.49189
SRQ,Sarasota-Bradenton International Airport,FL,27.39533,-82.55411
STC,St. Cloud Regional Airport,MN,45.54532,-94.05834
STL,St. Louis International Airport at Lambert Field,MO,38.74769,-90.35999
STT,Cyril E. King Airport,VI,18.33731,-64.97336
STX,Henry E. Rohlsen Airport,VI,17.70189,-64.79856
SUN,Friedman Memorial Airport,ID,43.50484,-114.29659
SUX,Sioux Gateway Airport,IA,42.4026,-96.38437
SWF,Stewart International Airport,NY,41.50409,-74.10484
SYR,Syracuse Hancock International Airport,NY,43.11119,-76.10631
TLH,Tallahassee International Airport,FL,30.39653,-84.35033
TOL,Toledo Express Airport,OH,41.58681,-83.80783
TPA,Tampa International Airport,FL,27.97547,-82.53325
TRI,Tri-Cities Regional Airport,TN,36.47521,-82.40742
TTN,Trenton Mercer Airport,NJ,40.27669,-74.81347
TUL,Tulsa International Airport,OK,36.19837,-95.88824
TUS,Tucson International Airport,AZ,32.11608,-110.94103
TVC,Cherry Capital Airport,MI,44.74144,-85.58224
TWF,Magic Valley Regional Airport (Joslin Field),ID,42.4818,-114.48774
TXK,Texarkana Regional Airport (Webb Field),AR,33.45371,-93.99102
TYR,Tyler Pounds Regional Airport,TX,32.35414,-95.40239
TYS,McGhee Tyson Airport,TN,35.81249,-83.99286
UST,Northeast Florida Regional Airport (St. Augustine Airport),FL,,
VEL,Valdez Airport,UT,40.4409,-109.50992
VLD,Valdosta Regional Airport,GA,30.7825,-83.27672
VPS,Destin-Fort Walton Beach Airport/Eglin AFB,FL,30.48325,-86.5254
WRG,Wrangell Airport,AK,56.48433,-132.36982
WYS,Westerly State Airport,MT,44.6884,-111.11764
XNA,Northwest Arkansas Regional Airport,AR,36.28187,-94.30681
YAK,Yakutat Airport,AK,59.50336,-139.66023
YUM,Yuma International Airport,AZ,32.65658,-114.60597
